"ID","Description","GeneRatio","BgRatio","pvalue","p.adjust","qvalue","geneID","Count"
"GO:0007163","establishment or maintenance of cell polarity","7/76","234/18903",4.30894011612965e-05,0.0445380865957559,0.0419342073488717,"SIPA1L3/DLG5/WDR1/CCL19/DOCK2/RHOBTB2/CDH5",7
"GO:0099515","actin filament-based transport","3/76","21/18903",7.88471709668637e-05,0.0445380865957559,0.0419342073488717,"SYNE2/MYO7B/MYO1D",3
"GO:0001675","acrosome assembly","3/76","23/18903",0.0001043855461242,0.0445380865957559,0.0419342073488717,"TMF1/AGFG1/GARIN1A",3
"GO:0010927","cellular component assembly involved in morphogenesis","5/76","119/18903",0.000117514740358195,0.0445380865957559,0.0419342073488717,"TMF1/PHLDB2/WDR1/AGFG1/GARIN1A",5
