SampleID,NormFactor
GDB339_ctrl,1.00908406161291
GDB418_ctrl,1.06232937080289
GDB809_ctrl,1.2605600765239
GDB813_ctrl,1.33182328027303
GDB374_KS,0.720326701822421
GDB380_KS,1.07822415140506
GDB425_KS,1.21372573563521
GDB447_KS,1.07254627309999
GDB587_KS,0.481244448157852
GDB598_KS,0.770135900666737
