SampleID,NormFactor
GDB339_ctrl,1.01408001921369
GDB418_ctrl,1.05756711545878
GDB809_ctrl,1.28839592521652
GDB813_ctrl,1.32320619110173
GDB374_KS,0.705766933620344
GDB380_KS,1.10209823182628
GDB425_KS,1.2208697965684
GDB447_KS,1.06157416295747
GDB587_KS,0.471784698050544
GDB598_KS,0.754656925986233
